<?xml version="1.0" encoding="UTF-8"?>
<library xmlns="http://www.netbeans.org/ns/library-declaration/3" version="3.0">
    <name>absolutelayout</name>
    <type>j2se</type>
    <localizing-bundle>org.netbeans.modules.form.resources.Bundle</localizing-bundle>
    <volume>
        <type>classpath</type>
        <resource>jar:nbinst://org.netbeans.modules.form/modules/ext/AbsoluteLayout.jar!/</resource>
        <resource>file:/D:/download/aplicaciones/netbeans%20plugins/numbers.vim-master/</resource>
    </volume>
    <volume>
        <type>src</type>
    </volume>
    <volume>
        <type>javadoc</type>
    </volume>
    <volume>
        <type>maven-pom</type>
    </volume>
    <properties/>
</library>
