<?xml version="1.0" encoding="UTF-8"?>
<library xmlns="http://www.netbeans.org/ns/library-declaration/3" version="3.0">
    <name>SqlServer</name>
    <type>j2se</type>
    <display-name>SqlServer</display-name>
    <volume>
        <type>classpath</type>
        <resource>jar:file:/D:/download/dev_download/sqljdbc_12.4.2.0_enu.zip!/</resource>
    </volume>
    <volume>
        <type>src</type>
    </volume>
    <volume>
        <type>javadoc</type>
    </volume>
    <volume>
        <type>maven-pom</type>
    </volume>
    <properties/>
</library>
