<?xml version="1.0" encoding="UTF-8"?>
<!DOCTYPE platform PUBLIC "-//NetBeans//DTD Java PlatformDefinition 1.0//EN" "http://www.netbeans.org/dtds/java-platformdefinition-1_0.dtd">
<platform default="yes" name="JDK 21 (Default)">
    <properties>
        <property name="platform.ant.name" value="default_platform"/>
    </properties>
    <sources>
        <resource>jar:file:/C:/Program%20Files/Java/jdk-21/lib/src.zip!/java.desktop/</resource>
        <resource>jar:file:/C:/Program%20Files/Java/jdk-21/lib/src.zip!/jdk.javadoc/</resource>
        <resource>jar:file:/C:/Program%20Files/Java/jdk-21/lib/src.zip!/jdk.hotspot.agent/</resource>
        <resource>jar:file:/C:/Program%20Files/Java/jdk-21/lib/src.zip!/java.base/</resource>
        <resource>jar:file:/C:/Program%20Files/Java/jdk-21/lib/src.zip!/jdk.localedata/</resource>
        <resource>jar:file:/C:/Program%20Files/Java/jdk-21/lib/src.zip!/java.xml/</resource>
        <resource>jar:file:/C:/Program%20Files/Java/jdk-21/lib/src.zip!/jdk.compiler/</resource>
        <resource>jar:file:/C:/Program%20Files/Java/jdk-21/lib/src.zip!/jdk.internal.vm.ci/</resource>
        <resource>jar:file:/C:/Program%20Files/Java/jdk-21/lib/src.zip!/jdk.jfr/</resource>
        <resource>jar:file:/C:/Program%20Files/Java/jdk-21/lib/src.zip!/java.xml.crypto/</resource>
        <resource>jar:file:/C:/Program%20Files/Java/jdk-21/lib/src.zip!/jdk.jdeps/</resource>
        <resource>jar:file:/C:/Program%20Files/Java/jdk-21/lib/src.zip!/jdk.jconsole/</resource>
        <resource>jar:file:/C:/Program%20Files/Java/jdk-21/lib/src.zip!/java.compiler/</resource>
        <resource>jar:file:/C:/Program%20Files/Java/jdk-21/lib/src.zip!/jdk.management/</resource>
        <resource>jar:file:/C:/Program%20Files/Java/jdk-21/lib/src.zip!/jdk.security.jgss/</resource>
        <resource>jar:file:/C:/Program%20Files/Java/jdk-21/lib/src.zip!/jdk.accessibility/</resource>
        <resource>jar:file:/C:/Program%20Files/Java/jdk-21/lib/src.zip!/jdk.internal.le/</resource>
        <resource>jar:file:/C:/Program%20Files/Java/jdk-21/lib/src.zip!/java.net.http/</resource>
        <resource>jar:file:/C:/Program%20Files/Java/jdk-21/lib/src.zip!/jdk.jdi/</resource>
        <resource>jar:file:/C:/Program%20Files/Java/jdk-21/lib/src.zip!/java.rmi/</resource>
        <resource>jar:file:/C:/Program%20Files/Java/jdk-21/lib/src.zip!/java.naming/</resource>
        <resource>jar:file:/C:/Program%20Files/Java/jdk-21/lib/src.zip!/jdk.xml.dom/</resource>
        <resource>jar:file:/C:/Program%20Files/Java/jdk-21/lib/src.zip!/java.sql/</resource>
        <resource>jar:file:/C:/Program%20Files/Java/jdk-21/lib/src.zip!/jdk.management.agent/</resource>
        <resource>jar:file:/C:/Program%20Files/Java/jdk-21/lib/src.zip!/jdk.security.auth/</resource>
        <resource>jar:file:/C:/Program%20Files/Java/jdk-21/lib/src.zip!/jdk.jlink/</resource>
        <resource>jar:file:/C:/Program%20Files/Java/jdk-21/lib/src.zip!/java.security.jgss/</resource>
        <resource>jar:file:/C:/Program%20Files/Java/jdk-21/lib/src.zip!/jdk.crypto.ec/</resource>
        <resource>jar:file:/C:/Program%20Files/Java/jdk-21/lib/src.zip!/jdk.charsets/</resource>
        <resource>jar:file:/C:/Program%20Files/Java/jdk-21/lib/src.zip!/jdk.internal.jvmstat/</resource>
        <resource>jar:file:/C:/Program%20Files/Java/jdk-21/lib/src.zip!/java.management/</resource>
        <resource>jar:file:/C:/Program%20Files/Java/jdk-21/lib/src.zip!/jdk.jshell/</resource>
        <resource>jar:file:/C:/Program%20Files/Java/jdk-21/lib/src.zip!/java.logging/</resource>
        <resource>jar:file:/C:/Program%20Files/Java/jdk-21/lib/src.zip!/jdk.dynalink/</resource>
        <resource>jar:file:/C:/Program%20Files/Java/jdk-21/lib/src.zip!/jdk.sctp/</resource>
        <resource>jar:file:/C:/Program%20Files/Java/jdk-21/lib/src.zip!/java.prefs/</resource>
        <resource>jar:file:/C:/Program%20Files/Java/jdk-21/lib/src.zip!/jdk.httpserver/</resource>
        <resource>jar:file:/C:/Program%20Files/Java/jdk-21/lib/src.zip!/java.security.sasl/</resource>
        <resource>jar:file:/C:/Program%20Files/Java/jdk-21/lib/src.zip!/jdk.jpackage/</resource>
        <resource>jar:file:/C:/Program%20Files/Java/jdk-21/lib/src.zip!/java.sql.rowset/</resource>
        <resource>jar:file:/C:/Program%20Files/Java/jdk-21/lib/src.zip!/jdk.incubator.vector/</resource>
        <resource>jar:file:/C:/Program%20Files/Java/jdk-21/lib/src.zip!/jdk.crypto.mscapi/</resource>
        <resource>jar:file:/C:/Program%20Files/Java/jdk-21/lib/src.zip!/java.smartcardio/</resource>
        <resource>jar:file:/C:/Program%20Files/Java/jdk-21/lib/src.zip!/jdk.random/</resource>
        <resource>jar:file:/C:/Program%20Files/Java/jdk-21/lib/src.zip!/jdk.jstatd/</resource>
        <resource>jar:file:/C:/Program%20Files/Java/jdk-21/lib/src.zip!/jdk.management.jfr/</resource>
        <resource>jar:file:/C:/Program%20Files/Java/jdk-21/lib/src.zip!/jdk.jartool/</resource>
        <resource>jar:file:/C:/Program%20Files/Java/jdk-21/lib/src.zip!/jdk.internal.opt/</resource>
        <resource>jar:file:/C:/Program%20Files/Java/jdk-21/lib/src.zip!/jdk.crypto.cryptoki/</resource>
        <resource>jar:file:/C:/Program%20Files/Java/jdk-21/lib/src.zip!/java.management.rmi/</resource>
        <resource>jar:file:/C:/Program%20Files/Java/jdk-21/lib/src.zip!/jdk.attach/</resource>
        <resource>jar:file:/C:/Program%20Files/Java/jdk-21/lib/src.zip!/jdk.jcmd/</resource>
        <resource>jar:file:/C:/Program%20Files/Java/jdk-21/lib/src.zip!/java.scripting/</resource>
        <resource>jar:file:/C:/Program%20Files/Java/jdk-21/lib/src.zip!/java.datatransfer/</resource>
        <resource>jar:file:/C:/Program%20Files/Java/jdk-21/lib/src.zip!/java.instrument/</resource>
        <resource>jar:file:/C:/Program%20Files/Java/jdk-21/lib/src.zip!/jdk.unsupported/</resource>
        <resource>jar:file:/C:/Program%20Files/Java/jdk-21/lib/src.zip!/jdk.naming.rmi/</resource>
        <resource>jar:file:/C:/Program%20Files/Java/jdk-21/lib/src.zip!/jdk.unsupported.desktop/</resource>
        <resource>jar:file:/C:/Program%20Files/Java/jdk-21/lib/src.zip!/jdk.internal.ed/</resource>
        <resource>jar:file:/C:/Program%20Files/Java/jdk-21/lib/src.zip!/jdk.zipfs/</resource>
        <resource>jar:file:/C:/Program%20Files/Java/jdk-21/lib/src.zip!/jdk.net/</resource>
        <resource>jar:file:/C:/Program%20Files/Java/jdk-21/lib/src.zip!/jdk.naming.dns/</resource>
        <resource>jar:file:/C:/Program%20Files/Java/jdk-21/lib/src.zip!/jdk.internal.vm.compiler/</resource>
        <resource>jar:file:/C:/Program%20Files/Java/jdk-21/lib/src.zip!/java.transaction.xa/</resource>
        <resource>jar:file:/C:/Program%20Files/Java/jdk-21/lib/src.zip!/jdk.editpad/</resource>
        <resource>jar:file:/C:/Program%20Files/Java/jdk-21/lib/src.zip!/jdk.nio.mapmode/</resource>
        <resource>jar:file:/C:/Program%20Files/Java/jdk-21/lib/src.zip!/jdk.internal.vm.compiler.management/</resource>
        <resource>jar:file:/C:/Program%20Files/Java/jdk-21/lib/src.zip!/java.se/</resource>
        <resource>jar:file:/C:/Program%20Files/Java/jdk-21/lib/src.zip!/jdk.jsobject/</resource>
        <resource>jar:file:/C:/Program%20Files/Java/jdk-21/lib/src.zip!/jdk.jdwp.agent/</resource>
        <resource>file:/D:/download/dev_download/sqljdbc_12.4.2.0_enu/</resource>
    </sources>
</platform>
