<?xml version="1.0" encoding="UTF-8"?>
<!DOCTYPE fontscolors PUBLIC "-//NetBeans//DTD Editor Fonts and Colors settings 1.2//EN" "https://netbeans.apache.org/dtds/EditorFontsColors-1_2.dtd">
<fontscolors>
    <fontcolor name="mark-occurrences"/>
    <fontcolor foreColor="ffbcc0e1" name="identifier"/>
    <fontcolor bgColor="ff202124" foreColor="ffa9b1d6" name="default">
        <font name="JetBrains Mono" size="14"/>
    </fontcolor>
    <fontcolor default="identifier" foreColor="ff6a8dd4" name="method"/>
    <fontcolor foreColor="ff56b895" name="string"/>
    <fontcolor default="identifier" name="field"/>
    <fontcolor default="keyword" foreColor="ffffa23e" name="markup-element"/>
    <fontcolor name="warning" waveUnderlined="ff52503a"/>
    <fontcolor foreColor="ff4a5069" name="comment">
        <font style="italic"/>
    </fontcolor>
    <fontcolor foreColor="ffa87ffb" name="keyword"/>
    <fontcolor foreColor="ff4a5069" name="url" underline="ff287bde">
        <font name="Monaspace Krypton Light"/>
    </fontcolor>
</fontscolors>
