<?xml version="1.0" encoding="UTF-8"?>
<!DOCTYPE fontscolors PUBLIC "-//NetBeans//DTD Editor Fonts and Colors settings 1.2//EN" "https://netbeans.apache.org/dtds/EditorFontsColors-1_2.dtd">
<fontscolors>
    <fontcolor foreColor="ff202124" name="code-folding-border"/>
    <fontcolor foreColor="ffffef28" name="nbeditor-bracesMatching-match"/>
    <fontcolor foreColor="ff202124" name="text-limit-line-color"/>
    <fontcolor name="coverage-partial"/>
    <fontcolor foreColor="ff202124" name="status-bar-bold"/>
    <fontcolor foreColor="ff424d5c" name="code-folding"/>
    <fontcolor foreColor="ff2e3c51" name="line-number"/>
    <fontcolor bgColor="ff30323d" name="highlight-caret-row"/>
    <fontcolor bgColor="darkGray" name="highlight-search"/>
    <fontcolor foreColor="ff262a31" name="code-folding-bar"/>
    <fontcolor name="coverage-covered"/>
    <fontcolor foreColor="ff1f202e" name="indent-guide-lines"/>
    <fontcolor name="guarded"/>
    <fontcolor bgColor="ff2e3c51" name="selection"/>
    <fontcolor name="nbeditor-bracesMatching-match-multichar"/>
    <fontcolor foreColor="ffb2b4ff" name="caret-color-insert-mode"/>
</fontscolors>
